,AIC,Concordance,BIC,Mean $S(t;\theta)$,Median $S(t;\theta)$
weibull,6465.992615653635,0.602584394148371,6465.992615653635,94.38816985462809,3.70535461438816
log_logistic,6396.64652196627,0.6087277002735886,6396.64652196627,--,1.753645240153266
log_normal,6322.878313849182,0.6077373550093834,6322.878313849182,255.2078791729312,2.1402087845352926
