Distribution,AIC,Concordance,BIC,Mean $S(t;\theta)$,Median $S(t;\theta)$
Weibull,3229.48949231755,0.9287266707359932,3229.48949231755,98.33199980565179,1.0954144571505477
Log logistic,2980.4346462430485,0.9335104415219281,2980.4346462430485,71.41590824055541,1.259027569938855
Log normal,3086.4343663229065,0.9335728686902318,3086.4343663229065,77.5954177675389,1.26696763249404
