Distribution,AIC,Concordance,BIC,Mean $S(t;\theta)$,Median $S(t;\theta)$
Weibull,3324.439743482836,0.891222410471836,3324.439743482836,15.145549399319345,3.2211032253411696
Log logistic,3400.09414256147,0.8778866015271427,3400.09414256147,8.431645720189422,3.198119587458586
Log normal,3364.72056474008,0.8461252814073851,3364.72056474008,5.327671538960727,3.312466169116301
