,AIC,Concordance,BIC,Mean $S(t;\theta)$,Median $S(t;\theta)$
weibull,4892.166844934512,0.6081591782680319,4892.166844934512,122.86097961023229,1.9909876814552554
log_logistic,4738.414471060839,0.6057079075910433,4738.414471060839,--,0.9577490317093676
log_normal,4704.131635011602,0.6074736838327394,4704.131635011602,280.82177308093156,1.2893800991412865
