Distribution,AIC,Concordance,BIC,Mean $S(t;\theta)$,Median $S(t;\theta)$
Weibull,543.9820720085561,0.8113830964470989,543.9820720085561,1.9210853409844095,1.247391967624031
Log logistic,568.1744990505986,0.8068978236812984,568.1744990505986,1.9310678494553581,1.1984952177060832
Log normal,550.6815930501663,0.8043824607391479,550.6815930501663,1.90470798759839,1.1926595209705868
