Distribution,AIC,Concordance,BIC,Mean $S(t;\theta)$,Median $S(t;\theta)$
Weibull,98.59610993195679,0.9242369542525722,98.59610993195679,2.005112061741057,1.2888116709364117
Log logistic,97.09850640498894,0.9281806980230267,97.09850640498894,1.987209084652018,1.3257513533427765
Log normal,211.2246311511508,0.9174364488255099,211.2246311511508,1.903979379824019,1.3225781548006152
