Distribution,AIC,Concordance,BIC,Mean $S(t;\theta)$,Median $S(t;\theta)$
Weibull,2262.575690510751,0.9243646389584842,2262.575690510751,106.42819907047327,0.638184730081285
Log logistic,1966.150784346036,0.9371977121968409,1966.150784346036,71.88260335333518,0.7357963148098438
Log normal,2097.7345094806105,0.9330426465406078,2097.7345094806105,72.64235010387193,0.6986041190179948
