Distribution,AIC,Concordance,BIC,Mean $S(t;\theta)$,Median $S(t;\theta)$
Weibull,5520.612563419873,0.8546461545807031,5520.612563419873,24.594190092448784,3.8926224039546025
Log logistic,5465.330617688726,0.8552827639989417,5465.330617688726,14.54566328632641,3.8924594099408534
Log normal,5543.896166916093,0.8546103453009273,5543.896166916093,16.026660671119767,3.87939806382757
