,AIC,Concordance,BIC,Mean $S(t;\theta)$,Median $S(t;\theta)$
weibull,10635.090041457079,0.6885461860236767,10635.090041457079,1059.4036545154418,57.59199802658132
cox,--,0.6805487985036,--,513.3327005751464,88.037696822
log_logistic,10610.90656786989,0.7089983938580063,10610.90656786989,--,58.542777761460975
log_normal,10546.717360077499,0.7073755906403908,10546.717360077499,68120.12867997125,49.22598429893098
