,AIC,Concordance,BIC,Mean $S(t;\theta)$,Median $S(t;\theta)$
Weibull,6411.646522416027,0.9196652955429087,6411.646522416027,388.495487202419,5.819604795768546
Log logistic,6306.299855652941,0.9254859976334028,6306.299855652941,343.26733015418387,4.948408138384819
Log normal,6340.968075820077,0.9244816025243703,6340.968075820077,299.9246500704746,4.662478168407607
