Distribution,AIC,Concordance,BIC,Mean $S(t;\theta)$,Median $S(t;\theta)$
Weibull,4755.337164994866,0.8478804877229519,4755.337164994866,19.86790697427551,4.118734692521152
Log logistic,4695.529921557982,0.855614524201404,4695.529921557982,15.329829918996223,3.970044023124829
Log normal,4762.734724948267,0.855102280743005,4762.734724948267,16.728567319834685,3.930041168624524
