Distribution,AIC,Concordance,BIC,Mean $S(t;\theta)$,Median $S(t;\theta)$
Weibull,4755.337164994866,0.8478804877229519,4755.337164994866,19.867906974275737,4.118734692521127
Log logistic,4695.529921599099,0.855614524201404,4695.529921599099,15.329829999154756,3.970044078525139
Log normal,4762.734724948268,0.855102280743005,4762.734724948268,16.72856731983469,3.930041168624524
